<?xml version="1.0" encoding="UTF-8" standalone="yes"?>
<addon id="script.neobuildinstaller" name="Neo Build Installer" version="1.0.0" provider-name="zag, Morpheas">
	<requires>
    <import addon="resource.language.el_gr" version="0.0.1"/>
    <import addon="skin.amber" version="0.0.1"/>
    <import addon="plugin.program.autocompletion" version="2.0.1"/>
    <import addon="service.subtitles.a4ksubtitles" version="0.0.1"/>
    <import addon="service.subtitles.subtitles.gr" version="0.0.1"/>
    <import addon="plugin.video.seren" version="0.0.1"/>

	</requires>
	<extension point="xbmc.python.script" library="addon.py">
		<provides>executable</provides>
	</extension>
	<extension point="xbmc.addon.metadata">
		<platform>all</platform>
		<summary lang="en">Neo Build Installer</summary>
		<description lang="en">This is a faux add-on, completely useless unless it is called by a build installation. Do NOT manually install this.</description>
		<license>GNU General Public License, v2</license>
		<language></language>
		<forum></forum>
		<source></source>
		<website></website>
		<email></email>
		<assets>
			<icon>icon.png</icon>
			<fanart>fanart.jpg</fanart>
		</assets>
		<news>v 1.0.0</news>
	</extension>
</addon>
