<?xml version="1.0" encoding="UTF-8" standalone="yes"?>
<addon id="repository.morpheasgr" name="Morpheas Repository" version="1.0.0" provider-name="Morpheas">
  <extension point="xbmc.addon.repository" name="Morpheas Repository">
    <dir>
      <info compressed="false">https://raw.githubusercontent.com/morpheasgr/morpheasgr.github.io/master/zips/addons.xml</info>
      <checksum>https://raw.githubusercontent.com/morpheasgr/morpheasgr.github.io/master/zips/addons.xml.md5</checksum>
      <datadir zip="true">https://raw.githubusercontent.com/morpheasgr/morpheasgr.github.io/master/zips/</datadir>
    </dir>
  </extension>
  <extension point="xbmc.addon.metadata">
    <summary>Morpheas Repository</summary>
    <description>For convenience and learning purposes. Use content at your own risk and responsibility.</description>
    <disclaimer></disclaimer>
    <platform>all</platform>
      <assets>
        <icon>icon.png</icon>
        <fanart>fanart.jpg</fanart>
      </assets>
  </extension>
</addon>
